captured_at,window_days,session_count,total_tokens,input_tokens,output_tokens,cache_read_tokens,cache_creation_tokens,total_cost_usd,cost_per_session_usd,source
2026-04-30T17:23:50Z,7,0,0,0,0,0,0,0.000000,0.000000,interstat-empty
2026-09-24T18:35:36Z,7,139,5267733,24544,5243189,1494854956,94820801,1437.430200,10.341224,interstat
2026-09-25T00:24:59Z,7,154,6671402,30486,6640916,1928729067,119235779,1794.540900,11.652863,interstat
2026-09-25T06:27:30Z,7,194,8690951,38085,8652866,2268358930,134237486,2012.759800,10.375051,interstat
2026-09-25T12:27:27Z,7,203,9399707,40846,9358861,2377364253,141908235,2115.631700,10.421831,interstat
2026-09-25T18:23:59Z,7,228,10702097,44600,10657497,2552517947,150646988,2246.752200,9.854176,interstat
2026-09-26T00:26:59Z,7,242,11235297,46105,11189192,2610982914,154880871,2310.154900,9.546095,interstat
2026-09-26T06:23:58Z,7,253,12181039,51047,12129992,2824361297,165938868,2449.547900,9.682008,interstat
2026-09-26T12:24:59Z,7,257,12207414,51085,12156329,2825370029,166180229,2453.124500,9.545232,interstat
2026-09-26T18:24:32Z,7,258,12678897,52531,12626366,2872858366,169315045,2512.219300,9.737284,interstat
2026-09-27T00:26:12Z,7,265,13144160,53811,13090349,2921299040,171801747,2556.749100,9.648110,interstat
2026-09-27T06:24:46Z,7,273,13821030,56394,13764636,3021491162,177332491,2648.257900,9.700578,interstat
2026-09-27T12:23:21Z,7,283,14282481,58432,14224049,3094342502,180746881,2716.839100,9.600138,interstat
2026-09-27T18:26:21Z,7,329,16963963,67060,16896903,3418221070,194324503,3028.941500,9.206509,interstat
2026-09-28T00:24:59Z,7,349,19085203,74056,19011147,3698714692,205459634,3259.176200,9.338614,interstat
2026-09-28T06:24:59Z,7,369,20047865,77348,19970517,3810644923,213121030,3357.874600,9.099931,interstat
2026-09-28T12:25:52Z,7,371,20209696,77840,20131856,3831031577,213961099,3371.193900,9.086776,interstat
2026-09-28T18:26:42Z,7,369,20518628,78975,20439653,3877854071,215368552,3398.538600,9.210132,interstat
2026-09-29T00:24:49Z,7,388,22818408,85401,22733007,4134893726,224453366,3555.264600,9.163053,interstat
